<?xml version="1.0" encoding="UTF-8"?>
<component name="GridScreen" extends="Group" initialFocus="RowList">
    <script type="text/brightscript" uri="GridScreen.brs" />
    <interface>
        <field id="content" type="node" alias="RowList.content" />
    </interface>
    <children>
        <Label 
            id="titleLabel"
            width="1020"
            translation="[130,200]"
            
            font="font:LargeSystemFont"
        />
        <!-- 
        <Label 
            id="descriptionLabel"
            wrap="true"
            width="1020"
            numLines="3"
            translation="[130,220"
        />
-->
        <RowList 
            itemComponentName="RowListItemComponent"
            id="rowList"
            translation="[80,250]"
            numRows="3"
            rowItemSize="[[220,140]]"
            rowItemSpacing="[[15,10]]"
            itemSize="[1100,250]"
            rowLabelOffset="[[50,20]]"
            focusXOffset="[50]"
            showRowLabel="[true]"
            rowFocusAnimationStyle="floatingfocus"
        />
    </children>
</component>